PRODUCT_TITLE	MAJOR_GENRE_DESC	CUSTOMER_NAME	COUNTRY_CODE	TOTAL_STREAMS
Cayó La Noche (feat. Cruz Cafuné, Abhir Hathi, Bejo, EL IMA) [Remix]	Reggaeton	Spotify	AD	25399
Tiago PZK: Bzrp Music Sessions, Vol. 48	Latin	Spotify	AD	14894
Salimo de Noche	Urban Local	Spotify	AD	8261
Medallo	Latin Pop	Spotify	AD	7314
Tiroteo	Latin	Spotify	AD	6818
Experimento	Latin	Spotify	AD	6686
abcdefu	Pop	Spotify	AD	6591
Loco	Latin	Spotify	AD	6429
Shivers	Pop	Spotify	AD	6219
Bad Habits	Pop	Spotify	AD	5870
Entre Nosotros (Remix) [con Nicki Nicole]	Latin	Spotify	AD	5676
Don't Be Shy	Dance	Spotify	AD	4923
My Universe	Alternative	Spotify	AD	4918
Juramento eterno de sal	Pop	Spotify	AD	4589
Ella	Hip Hop	Spotify	AD	4298
Tu Y Yo (feat. Los del Control)	Rap/Hip Hop	Spotify	AD	4239
The Motto	Dance	Spotify	AD	3932
Libertad	Pop	Spotify	AD	3892
Colorín Colorado	Latin	Spotify	AD	3579
Infinity	Alternative	Spotify	AD	3435
Clima Tropical	Pop	Spotify	AD	3016
Entre Nosotros	Urban Local	Spotify	AD	3000
Llueve sobre mojado	Pop	Spotify	AD	2928
love nwantiti (ah ah ah)	World Music	Spotify	AD	2915
ALMAS GEMELAS	Latin	Spotify	AD	2801
Porfa no te vayas	Pop	Spotify	AD	2697
The Business	Dance	Spotify	AD	2527
SloMo	Pop	Spotify	AD	2338
Levitating (feat. DaBaby)	Pop	Spotify	AD	2306
Thunder	Dance	Spotify	AD	2241
Caminando por la vida	Pop	Spotify	AD	2195
Tu jardín con enanitos	Pop	Spotify	AD	2195
Head & Heart (feat. MNEK)	Dance	Spotify	AD	2140
Light Switch	Pop	Spotify	AD	2132
Soldadito marinero	Pop	Spotify	AD	2103
Don't Start Now	Pop	Spotify	AD	2001
La Botella	Latin	Spotify	AD	1991
Mi Religión	Pop	Spotify	AD	1947
OUT OUT (feat. Charli XCX & Saweetie)	Dance	Spotify	AD	1933
El día menos pensado	Pop	Spotify	AD	1907
Wow Wow (feat. Becky G)	Reggaeton	Spotify	AD	1889
Tal Vez	Latin	Spotify	AD	1879
Marte	Latin Pop	Spotify	AD	1847
Love Again	Pop	Spotify	AD	1803
Dance Monkey	Alternative	Spotify	AD	1781
Heartbreak Anthem (with David Guetta & Little Mix)	Dance	Spotify	AD	1778
La flaca	Latin	Spotify	AD	1775
Memories (feat. Kid Cudi)	Dance	Spotify	AD	1775
Perfect	Pop	Spotify	AD	1751
La Trampa es Ley	Latin	Spotify	AD	1727
Hotel California	Rock	Spotify	AD	1726
Take on Me	Pop	Spotify	AD	1719
Contando Lunares (feat. Cruz Cafuné)	Latin	Spotify	AD	1697
Shars 2020	Rap/Hip Hop	Spotify	AD	1658
I'm Yours	Pop	Spotify	AD	1655
Colgando en tus manos (con Marta Sánchez)	Pop	Spotify	AD	1646
Shape of You	Pop	Spotify	AD	1642
Adan y Eva	Latin	Spotify	AD	1602
Viva La Vida	Alternative	Spotify	AD	1587
Obsessed With You	Rap/Hip Hop	Spotify	AD	1581
Por la boca vive el pez	Pop	Spotify	AD	1576
Dile a los demás	Pop	Spotify	AD	1559
Yellow	Alternative	Spotify	AD	1558
love nwantiti (feat. Dj Yo! & AX'EL)	World Music	Spotify	AD	1531
No te decides	Latin	Spotify	AD	1520
The Joker And The Queen (feat. Taylor Swift)	Pop	Spotify	AD	1491
I Love You So	Alternative	Spotify	AD	1477
Mon amour	Pop	Spotify	AD	1471
Fix You	Alternative	Spotify	AD	1440
Un violinista en tu tejado	Pop	Spotify	AD	1440
Me Rehúso	Latin Pop	Spotify	AD	1418
Saturno	Latin Pop	Spotify	AD	1416
Photograph	Pop	Spotify	AD	1396
De Perreo	Pop	Spotify	AD	1388
The Scientist	Alternative	Spotify	AD	1386
Lo Real	Rap/Hip Hop	Spotify	AD	1374
Cielo hermético	Rock	Spotify	AD	1374
pushin P (feat. Young Thug)	Rap/Hip Hop	Spotify	AD	1369
Thinking out Loud	Pop	Spotify	AD	1356
Física o química	Pop	Spotify	AD	1338
Acapulco	Dance	Spotify	AD	1332
Under the Bridge	Alternative	Spotify	AD	1286
Bailemos	Pop	Spotify	AD	1278
Marta, Sebas, Guille y los demás	Pop	Spotify	AD	1267
Just the Way You Are	Pop	Spotify	AD	1264
Amapolas	Pop	Spotify	AD	1262
Riptide	Alternative	Spotify	AD	1261
Alegría de Vivir	Alternative	Spotify	AD	1256
Jerusalema (feat. Nomcebo Zikode)	Dance	Spotify	AD	1256
Oh Mi Amore	Rap/Hip Hop	Spotify	AD	1253
Titanium (feat. Sia)	Dance	Spotify	AD	1253
Inolvidable	Latin	Spotify	AD	1247
Cuando Ella Se Va	Rap/Hip Hop	Spotify	AD	1245
Can't Hold Us (feat. Ray Dalton)	Hip Hop	Spotify	AD	1244
Nena Maldición (feat. Lenny Tavárez)	Latin	Spotify	AD	1244
Snow Tha Product: Bzrp Music Sessions, Vol. 39	Latin	Spotify	AD	1235
Desde cero (con Melendi)	Pop	Spotify	AD	1234
La casa por el tejado	Pop	Spotify	AD	1229
Leave The Door Open	R&B	Spotify	AD	1224
Se iluminaba	Rap/Hip Hop	Spotify	AD	1221
Take You Dancing	Pop	Spotify	AD	1219
Carolina	Pop	Spotify	AD	1219
Destino o casualidad	Latin Pop	Spotify	AD	1217
Cayó La Noche	Reggaeton	Spotify	AD	1214
Guajiro	Rap/Hip Hop	Spotify	AD	1211
Mi Debilidad	Reggaeton	Spotify	AD	1208
La promesa	Pop	Spotify	AD	1200
I Don't Care (with Justin Bieber)	Pop	Spotify	AD	1200
My Head & My Heart	Pop	Spotify	AD	1199
Overpass Graffiti	Pop	Spotify	AD	1194
I Want to Know What Love Is	Rock	Spotify	AD	1192
Petar-ho	Pop	Spotify	AD	1191
Break My Heart	Pop	Spotify	AD	1188
Me Quedo (feat. Ana Mena)	Pop	Spotify	AD	1183
BED	Dance	Spotify	AD	1163
A Sky Full of Stars	Alternative	Spotify	AD	1143
Corazón partío	Pop	Spotify	AD	1129
Physical	Pop	Spotify	AD	1125
Resistiré	Pop	Spotify	AD	1107
20 de abril	Pop	Spotify	AD	1104
La isla del amor (feat. Maki)	World Music	Spotify	AD	1104
Wasted Love (feat. Lagique)	Electronic	Spotify	AD	1103
I Say a Little Prayer	R&B	Spotify	AD	1098
Roto y Elegante	Pop	Spotify	AD	1093
The Best	Pop	Spotify	AD	1092
Me Rehúso	Latin	Spotify	AD	1083
7 Lágrimas	Pop	Spotify	AD	1080
Sueño (con Pablo Alborán)	Pop	Spotify	AD	1062
Black Summer	Alternative	Spotify	AD	1057
It Must Have Been Love	Pop	Spotify	AD	1047
Levitating	Pop	Spotify	AD	1045
Kings & Queens	Pop	Spotify	AD	1044
In the End	Alternative	Spotify	AD	1039
360	Latin	Spotify	AD	1037
Crazy	Pop	Spotify	AD	1036
Pan y mantequilla	Pop	Spotify	AD	1035
Stand by Me	Rock	Spotify	AD	1035
Life Goes On	Alternative	Spotify	AD	1032
When I Was Your Man	Pop	Spotify	AD	1023
We're Good	Pop	Spotify	AD	1018
Locked out of Heaven	Pop	Spotify	AD	1016
Animal	Rap/Hip Hop	Spotify	AD	1014
Forever Young	Pop	Spotify	AD	1013
Higher Power	Rap/Hip Hop	Spotify	AD	1012
A Thousand Years	Pop	Spotify	AD	1004
Indios y Vaqueros	Pop	Spotify	AD	1002
You're Beautiful	Pop	Spotify	AD	997
La gent que estimo	Pop	Spotify	AD	987
Pero a tu lado	Pop	Spotify	AD	987
One Night	Pop	Spotify	AD	982
Paradise	Alternative	Spotify	AD	979
Si por mi fuera	Pop	Spotify	AD	977
Mañana	Pop	Spotify	AD	977
Quiero tener tu presencia	Pop	Spotify	AD	977
34 Amor y Mafia	Reggaeton	Spotify	AD	974
Antes de que cuente diez	Pop	Spotify	AD	969
7 Years	Pop	Spotify	AD	967
Lo siento	Pop	Spotify	AD	961
2002	Pop	Spotify	AD	960
Elefants	Pop	Spotify	AD	955
Tan Bonita	Latin Pop	Spotify	AD	955
Flaca	Pop	Spotify	AD	955
Californication	Alternative	Spotify	AD	925
Soldadito de Hierro	Pop	Spotify	AD	922
Notion	Alternative Rock	Spotify	AD	918
Monster	Dance	Spotify	AD	918
Reproches	Hip Hop	Spotify	AD	917
If You Really Love Me (How Will I Know)	Dance	Spotify	AD	917
Cadillac solitario	Pop	Spotify	AD	914
Hurricane	Electronic	Spotify	AD	911
Solamente tú	Pop	Spotify	AD	911
Me equivocaría otra vez	Pop	Spotify	AD	910
Forever Alone	Latin	Spotify	AD	892
Let Somebody Go	Alternative	Spotify	AD	889
Dreams	Rock	Spotify	AD	888
Calle de la Llorería	Alternative	Spotify	AD	888
Ojalá	Pop	Spotify	AD	880
Fever	Dance	Spotify	AD	879
Casualidad	Latin Pop	Spotify	AD	877
Freaks	Pop	Spotify	AD	873
La Llamada	Latin	Spotify	AD	871
Devuélveme a mi chica	Pop	Spotify	AD	864
Stressed Out	Alternative	Spotify	AD	859
Snow (Hey Oh)	Alternative	Spotify	AD	858
Sexy Bitch (feat. Akon)	Electronica	Spotify	AD	856
A fuego lento	Pop	Spotify	AD	856
Song 2	Rock	Spotify	AD	851
Fly Away	Alternative	Spotify	AD	851
Ella Remix (feat. alPeDue)	Rap/Hip Hop	Spotify	AD	849
Castillos de arena	Pop	Spotify	AD	849
Emiliana	Afro Pop	Spotify	AD	848
Afterglow	Pop	Spotify	AD	845
Ella	Pop	Spotify	AD	844
Cuando me siento bien	Pop	Spotify	AD	841
Super Gremlin	Rap/Hip Hop	Spotify	AD	840
Symphony (feat. Zara Larsson)	Dance	Spotify	AD	840
What's Love Got to Do with It	Pop	Spotify	AD	840
Lost on You	Alternative	Spotify	AD	838
Ma Vie (feat. Yay)	Electronic	Spotify	AD	835
Numb	Alternative	Spotify	AD	835
Jump	Pop	Spotify	AD	831
La Grange	Pop	Spotify	AD	827
Stairway to Heaven	Rock	Spotify	AD	826
TITAN	Latin Tropical	Spotify	AD	825
Feel Good Inc.	Alternative	Spotify	AD	823
Happier	Pop	Spotify	AD	815
Y volar (con los Caligaris)	World Music	Spotify	AD	813
Another Day in Paradise	Pop	Spotify	AD	812
Smokin Out The Window	R&B	Spotify	AD	809
PAM	Latin	Spotify	AD	807
She Doesn't Mind	Pop	Spotify	AD	805
Dembow	Latin	Spotify	AD	801
New Rules	Pop	Spotify	AD	797
Bando Boyz Free 3	Latin	Spotify	AD	796
House of the Rising Sun	Pop	Spotify	AD	796
Move Your Body	Dance	Spotify	AD	792
Quien TV Remix	Latin	Spotify	AD	790
Dramas y comedias	Electronica	Spotify	AD	790
These Days (feat. Jess Glynne, Macklemore & Dan Caplen)	Dance	Spotify	AD	786
Tú No Eras Así	Latin	Spotify	AD	786
Dancing In The Moonlight (feat. NEIMY)	Pop	Spotify	AD	786
Down for Love	Pop	Spotify	AD	782
Me basta con mirarte	Hip Hop	Spotify	AD	780
El aire de la calle	Pop	Spotify	AD	780
Enchochado de Ti	Latin	Spotify	AD	779
Como un burro amarrado en la puerta del baile	Pop	Spotify	AD	778
Clocks	Alternative	Spotify	AD	777
Bailando	Pop	Spotify	AD	773
Sweet but Psycho	Pop	Spotify	AD	772
Chica de ayer	Pop	Spotify	AD	772
Beautiful People (feat. Khalid)	Pop	Spotify	AD	771
Hymn for the Weekend	Alternative	Spotify	AD	769
Je veux	Pop	Spotify	AD	768
Paranoid	Pop	Spotify	AD	767
Malamanera	Rap/Hip Hop	Spotify	AD	765
Por Eso Vine	Latin	Spotify	AD	765
Llamando a la tierra	Pop	Spotify	AD	761
Al Punto de Sal	Pop	Spotify	AD	760
In the night	Pop	Spotify	AD	756
No me lo creo RMX	Latin Pop	Spotify	AD	749
Attention	Pop	Spotify	AD	748
Basket Case	Pop	Spotify	AD	747
Swim	Alternative	Spotify	AD	744
Heroes	Pop	Spotify	AD	744
Agua	Latin	Spotify	AD	743
No Idea	Rap/Hip Hop	Spotify	AD	742
Serem ocells	Pop	Spotify	AD	741
Con la luna llena	Pop	Spotify	AD	741
Marea (We’ve Lost Dancing)	Electronic	Spotify	AD	739
La vereda de la puerta de atrás	Rock	Spotify	AD	738
Diamants	Pop	Spotify	AD	737
Djadja (feat. Maluma)	R&B	Spotify	AD	735
Let Me Down Slowly	Pop	Spotify	AD	734
Con uñas y dientes	Pop	Spotify	AD	729
Drive (feat. Wes Nelson)	Electronic	Spotify	AD	727
Young, Wild & Free (feat. Bruno Mars)	Rap/Hip Hop	Spotify	AD	722
Sé lo que hicisteis	Pop	Spotify	AD	721
A quién le importa	Latin	Spotify	AD	718
Nothing's Gonna Stop Us Now	Pop	Spotify	AD	714
De Ellos Aprendí	Pop	Spotify	AD	713
Can't Stop	Alternative	Spotify	AD	711
You Can't Hurry Love	Pop	Spotify	AD	710
Respect	R&B	Spotify	AD	709
Whole Lotta Love	Rock	Spotify	AD	707
Tus Celos	Hip Hop	Spotify	AD	707
True	Pop	Spotify	AD	704
Kikiki (feat. Yay)	Electronic	Spotify	AD	702
(Sittin' On) the Dock of the Bay	R&B	Spotify	AD	701
Cien gaviotas	Pop	Spotify	AD	700
Stars	Pop	Spotify	AD	700
Amiga mía	Pop	Spotify	AD	700
El universo sobre mí	Pop	Spotify	AD	700
GHOST TOWN	Pop	Spotify	AD	699
Tick Tock (feat. 24kGoldn)	Electronic	Spotify	AD	699
Wish You Were Here	Pop	Spotify	AD	698
Never Gonna Give You Up	Pop	Spotify	AD	697
Barbie de extrarradio	Pop	Spotify	AD	694
Mirando al cielo	Pop	Spotify	AD	693
Iris	Pop	Spotify	AD	693
Happiest Year	Alternative	Spotify	AD	693
Mal de Amores	Latin Pop	Spotify	AD	692
Otherside	Alternative	Spotify	AD	692
We Don't Talk Anymore (feat. Selena Gomez)	Pop	Spotify	AD	691
Castle on the Hill	Pop	Spotify	AD	691
Young Right Now	Dance	Spotify	AD	690
Up Where We Belong	Pop	Spotify	AD	687
Rockabye (feat. Sean Paul & Anne-Marie)	Dance	Spotify	AD	685
Noches de bohemia	Miscellaneous	Spotify	AD	683
Loading	Rap/Hip Hop	Spotify	AD	682
Nevermind	Dance	Spotify	AD	682
MIA (feat. Drake)	Latin	Spotify	AD	679
Kisiera yo saber	Pop	Spotify	AD	675
Stereo Hearts (feat. Adam Levine)	Pop	Spotify	AD	673
All We Got (feat. KIDDO)	Dance	Spotify	AD	670
Compta amb mi	World Music	Spotify	AD	670
Rather Be (feat. Jess Glynne)	Dance	Spotify	AD	670
Astronaut In The Ocean	Rap/Hip Hop	Spotify	AD	670
Caraluna	Pop	Spotify	AD	669
Con sólo una sonrisa	Pop	Spotify	AD	669
La Cartita	Latin	Spotify	AD	668
Madura (feat. Bad Bunny)	Latin	Spotify	AD	666
Si tú no estas	Pop	Spotify	AD	665
Call Me (with R3HAB & Timmy Trumpet)	Dance	Spotify	AD	664
Otra vez (feat. J Balvin)	Latin	Spotify	AD	664
It's You	R&B	Spotify	AD	663
We Are Young (feat. Janelle Monáe)	Alternative	Spotify	AD	663
Grenade	Pop	Spotify	AD	662
Believe	Pop	Spotify	AD	662
Over My Shoulder	Pop	Spotify	AD	661
Another Brick In The Wall, Pt. 2	Pop	Spotify	AD	660
Sugar (feat. Francesco Yates)	Dance	Spotify	AD	659
Way down We Go	Alternative	Spotify	AD	659
No puedo vivir sin ti (feat. Anni B Sweet)	Rock	Spotify	AD	658
The A Team	Pop	Spotify	AD	657
Chica Paranormal	Latin	Spotify	AD	655
Shars 2019	Rap/Hip Hop	Spotify	AD	649
I Wish (feat. Mabel)	Dance	Spotify	AD	649
IDGAF	Pop	Spotify	AD	646
Hear Me Now (feat. Zeeba)	Pop	Spotify	AD	645
So payaso	Pop	Spotify	AD	642
Against All Odds (Take a Look at Me Now)	Pop	Spotify	AD	642
One More Time	Dance	Spotify	AD	641
Tant de bo	Pop	Spotify	AD	641
Mejor así	Pop	Spotify	AD	638
1973	Pop	Spotify	AD	638
Sin documentos	Pop	Spotify	AD	637
Som Ocells	Pop	Spotify	AD	636
Olvídate	Latin	Spotify	AD	635
Let's Love	Dance	Spotify	AD	635
Boys Don't Cry	Pop	Spotify	AD	634
Pa que lo gocen (feat. Dollar Selmouni & Blasfem)	Rap/Hip Hop	Spotify	AD	632
Ni tú ni nadie	Pop	Spotify	AD	631
No vull baixar	Pop	Spotify	AD	628
Cuando zarpa el amor	Pop	Spotify	AD	626
Dispárame	Pop	Spotify	AD	625
Ojitos Negros	Pop	Spotify	AD	625
Moon Talk	Latin	Spotify	AD	622
Jeans	Latin	Spotify	AD	621
Missing Piece	Alternative	Spotify	AD	621
Love Someone	Pop	Spotify	AD	620
Si te vas...	Rock	Spotify	AD	620
Bonito	Pop	Spotify	AD	620
When Love Takes Over (feat. Kelly Rowland)	Electronica	Spotify	AD	619
La Góndola	Rap/Hip Hop	Spotify	AD	616
Tocado y hundido	Pop	Spotify	AD	615
Te Marqué Pedo	Latin	Spotify	AD	614
Como vas?	Latin	Spotify	AD	614
Pa toda la vida (feat. Mozart La Para)	Latin	Spotify	AD	611
Historia De Un Bandolero	Hip Hop	Spotify	AD	611
High Hopes	Alternative	Spotify	AD	610
Clavado En Un Bar	Pop	Spotify	AD	608
Bad Day	Pop	Spotify	AD	607
Baby Can I Hold You	Folk	Spotify	AD	607
See You Again (feat. Charlie Puth)	Rap/Hip Hop	Spotify	AD	605
Play Hard (feat. Ne-Yo & Akon)	Pop	Spotify	AD	604
Chiquilla	Pop	Spotify	AD	603
El Encuentro	Pop	Spotify	AD	601
Ride	Alternative	Spotify	AD	601
Vuelve	Pop	Spotify	AD	600
Te echo de menos	Pop	Spotify	AD	600
Post Malone (feat. RANI)	Dance	Spotify	AD	597
Listen To Your Heart	Pop	Spotify	AD	597
Bye bye	Pop	Spotify	AD	596
Feel It Still	Alternative	Spotify	AD	595
Lágrimas desordenadas	Pop	Spotify	AD	595
Sin miedo a nada (feat. Amaia Montero)	Pop	Spotify	AD	595
Visiting Hours	Pop	Spotify	AD	594
Mala Mía	Latin	Spotify	AD	593
Cuando Éramos Dos	Pop	Spotify	AD	592
Lucky	Pop	Spotify	AD	592
I Follow Rivers	Indie Rock	Spotify	AD	591
... y vuelo	Pop	Spotify	AD	591
Estoy enfermo (con Melendi)	Rock	Spotify	AD	588
Lifestyle (feat. Adam Levine)	Pop	Spotify	AD	586
Djadja	R&B	Spotify	AD	586
Confiésale	Latin Pop	Spotify	AD	583
Our Song	Rap/Hip Hop	Spotify	AD	583
Don't Leave Me This Way (with Sarah Jane Morris)	Pop	Spotify	AD	583
Always on My Mind	Pop	Spotify	AD	582
She Drives Me Crazy	Pop	Spotify	AD	581
If You Don't Know Me by Now	Pop	Spotify	AD	581
Dueles	Latin Pop	Spotify	AD	581
Mari Carmen	Pop	Spotify	AD	580
Are You Gonna Be My Girl	Rock	Spotify	AD	580
La Isla Bonita	Pop	Spotify	AD	580
Marvin Gaye (feat. Meghan Trainor)	Pop	Spotify	AD	575
Shars / 2014	Rap/Hip Hop	Spotify	AD	574
Fast Car	Folk	Spotify	AD	573
Mariposa Traicionera	Pop	Spotify	AD	572
Grita	Latin	Spotify	AD	572
The Lazy Song	Pop	Spotify	AD	571
Mi Destino	Soundtrack	Spotify	AD	571
Cómo hablar	Pop	Spotify	AD	570
Ordinary World	Pop	Spotify	AD	569
Head Shoulders Knees & Toes (feat. Norma Jean Martine)	Electronic	Spotify	AD	568
El lado oscuro	Latin	Spotify	AD	564
VAMONOS	Latin	Spotify	AD	563
Frozen	Pop	Spotify	AD	563
La Lola	Pop	Spotify	AD	561
No importa que llueva	Pop	Spotify	AD	561
Él no soy yo	Pop	Spotify	AD	561
DJ No Pare (feat. Zion, Dalex, Lenny Tavárez)	Latin	Spotify	AD	561
In the Air Tonight	Pop	Spotify	AD	561
Loco	Urban Local	Spotify	AD	560
Whistle	Rap/Hip Hop	Spotify	AD	559
La Mili	Rap/Hip Hop	Spotify	AD	559
Capos	Hip Hop	Spotify	AD	558
Narcolepsia (feat. Chichobeats)	Rap/Hip Hop	Spotify	AD	556
Yo no te pido la luna	Pop	Spotify	AD	556
Fresas con nata (feat. DJ Keru)	Hip Hop	Spotify	AD	555
Hablando en plata	Pop	Spotify	AD	554
The Look	Pop	Spotify	AD	552
Déjala Que Vuelva (feat. Manuel Turizo)	Latin Pop	Spotify	AD	551
Acabo de llegar	Pop	Spotify	AD	550
Rayando El Sol (feat. Pablo Alborán)	Latin	Spotify	AD	549
En El Muelle De San Blas	Pop	Spotify	AD	545
My House	Rap/Hip Hop	Spotify	AD	544
Don't Give Up On Me	Soundtrack	Spotify	AD	544
Te estás olvidando de mí	Pop	Spotify	AD	543
Floating Through Space	Pop	Spotify	AD	543
On My Mind	Dance	Spotify	AD	542
Everywhere	Pop	Spotify	AD	542
Reality (feat. Janieck Devy)	Dance	Spotify	AD	542
Te Vi	Latin Pop	Spotify	AD	541
Breathless	Pop	Spotify	AD	539
Scar Tissue	Alternative	Spotify	AD	539
redruM	Pop	Spotify	AD	539
Me cuesta tanto olvidarte	Pop	Spotify	AD	538
Valkirias	Rap/Hip Hop	Spotify	AD	538
Hola, mi amor (feat. Lérica, Junco)	World Music	Spotify	AD	537
Dos Problemas (feat. Big Soto)	Latin Pop	Spotify	AD	534
Retail Therapy	Rap/Hip Hop	Spotify	AD	533
Good Feeling	Rap/Hip Hop	Spotify	AD	532
Killing Me Softly With His Song	Pop	Spotify	AD	532
Zinedine	Hip Hop	Spotify	AD	531
Blood // Water	Alternative	Spotify	AD	530
Mi accidente preferido (con Juancho Sidecars y Sidecars)	Pop	Spotify	AD	529
Tabú	Latin Pop	Spotify	AD	528
Sailing	Pop	Spotify	AD	528
Te regalo	Pop	Spotify	AD	527
Wake Up	Pop	Spotify	AD	527
Cada vez cadáver	Rock	Spotify	AD	526
Tú no me conoces	Latin Pop	Spotify	AD	521
La primavera trompetera	Pop	Spotify	AD	520
You Really Got Me	Rock	Spotify	AD	520
Vull estar amb tu	Pop	Spotify	AD	517
Voy a Morir	Pop	Spotify	AD	517
Amanecer	Latin Pop	Spotify	AD	517
Move on Up	Jazz	Spotify	AD	517
For What It's Worth	Rock	Spotify	AD	515
In Your Eyes (feat. Alida)	Dance	Spotify	AD	514
If You Leave Me Now	Rock	Spotify	AD	514
Depende	Latin	Spotify	AD	513
Te Amo	Latin Pop	Spotify	AD	512
Calabria (feat. Fallen Roses, Lujavo & Lunis)	Dance	Spotify	AD	512
FRIENDS	Pop	Spotify	AD	511
Mi lugar	Pop	Spotify	AD	510
Think	R&B	Spotify	AD	509
Dani Ribba: Bzrp Music Sessions, Vol. 24	Latin	Spotify	AD	508
I'll Stand by You	Pop	Spotify	AD	508
Eres un temazo	Pop	Spotify	AD	506
Sta guai	Pop	Spotify	AD	505
Turnedo	Pop	Spotify	AD	505
Galway Girl	Pop	Spotify	AD	504
I Like It	Rap/Hip Hop	Spotify	AD	503
Whoopty	Hip Hop	Spotify	AD	503
Frío	Pop	Spotify	AD	502
Salir	Pop	Spotify	AD	502
I'm Gonna Be (500 Miles)	Pop	Spotify	AD	500
Volver a ser Romeo (feat. Galvan Real)	Pop	Spotify	AD	498
How You Remind Me	Pop	Spotify	AD	497
Comptine d'un autre été, l'après-midi	Pop	Spotify	AD	496
Quiero	Pop	Spotify	AD	495
Let Me Out	Pop	Spotify	AD	495
Búscate un hombre que te quiera	Pop	Spotify	AD	494
Te entiendo	Rock	Spotify	AD	494
Aroma	Reggaeton	Spotify	AD	494
Dónde está el amor (feat. Jesse & Joy)	Pop	Spotify	AD	494
Like a Prayer	Pop	Spotify	AD	493
Big in Japan	Pop	Spotify	AD	493
No Saben Como Vivo	Latin	Spotify	AD	493
Material Girl	Pop	Spotify	AD	493
Replay	Pop	Spotify	AD	493
La player (Bandolera)	Latin	Spotify	AD	492
Jefe	Rap/Hip Hop	Spotify	AD	490
Músic de carrer	World Music	Spotify	AD	489
i hate u, i love u  (feat. olivia o'brien)	Alternative	Spotify	AD	487
High (Remix)	Latin	Spotify	AD	487
La luna me sabe a poco	Rock	Spotify	AD	485
Y yo latiendo	Pop	Spotify	AD	485
My Baby Just Cares for Me	Jazz	Spotify	AD	484
Be the One	Pop	Spotify	AD	484
Lloverá y yo veré	Pop	Spotify	AD	484
Mi gran noche	Pop	Spotify	AD	483
Suicidal	Hip Hop	Spotify	AD	483
10,000 Hours (with Justin Bieber)	Country	Spotify	AD	480
Kiss My (Uh Oh)	Rap/Hip Hop	Spotify	AD	480
EveryTime I Cry	Pop	Spotify	AD	480
Club Can't Handle Me (feat. David Guetta)	Soundtrack	Spotify	AD	479
Love Again (feat. Alida)	Dance	Spotify	AD	479
Siete Vidas	Soundtrack	Spotify	AD	478
Rewrite The Stars (with James Arthur & Anne-Marie)	Pop	Spotify	AD	478
That's What I Like	Pop	Spotify	AD	478
Remember That Night?	Singer/Songwriter	Spotify	AD	476
Astronaut In The Ocean	Dance	Spotify	AD	476
A Horse with No Name	Rock	Spotify	AD	475
Heathens	Alternative	Spotify	AD	474
Te he echado de menos	Pop	Spotify	AD	474
The Box	Rap/Hip Hop	Spotify	AD	473
Thrift Shop (feat. Wanz)	Hip Hop	Spotify	AD	473
Black and Yellow	Rap/Hip Hop	Spotify	AD	472
Por quererte	Pop	Spotify	AD	472
Conexión	Pop	Spotify	AD	471
Don't Get Me Wrong	Pop	Spotify	AD	470
Rise Up (feat. Vamero)	Dance	Spotify	AD	469
Runaway (U & I)	Dance	Spotify	AD	468
MÍRENME AHORA	Latin	Spotify	AD	467
Sin ti no soy nada	Latin	Spotify	AD	465
Kiss from a Rose	Pop	Spotify	AD	464
Party (feat. A Boogie Wit da Hoodie)	Latin Pop	Spotify	AD	464
Se acabaron las lágrimas	Pop	Spotify	AD	464
Labios Compartidos	Pop	Spotify	AD	462
MONEY TILL I DIE	Latin	Spotify	AD	461
Smalltown Boy	Pop	Spotify	AD	460
I'm a Believer	Pop	Spotify	AD	459
Can't Get You out of My Head	Pop	Spotify	AD	458
Homerun (Intro)	Latin	Spotify	AD	457
Beg For You (feat. Rina Sawayama)	Pop	Spotify	AD	456
Lonely Boy	Alternative Rock	Spotify	AD	455
Solo (feat. Demi Lovato)	Dance	Spotify	AD	454
Duele	Pop	Spotify	AD	454
Pump It Up	Dance	Spotify	AD	453
Barcelona Tropical	Pop	Spotify	AD	453
We Are Family	Dance	Spotify	AD	453
En la Oscuridad	Latin	Spotify	AD	452
En algún lugar	Pop	Spotify	AD	450
Dulce introducción al caos	Rock	Spotify	AD	450
Mortales	Rap/Hip Hop	Spotify	AD	450
Hijo de la luna	Pop	Spotify	AD	448
Fantastic Shine	Rock	Spotify	AD	448
EL TREN	Latin	Spotify	AD	448
Deep End	Dance	Spotify	AD	448
Lobo-hombre en París	Pop	Spotify	AD	447
South of the Border (feat. Camila Cabello & Cardi B)	Pop	Spotify	AD	445
Starman	Pop	Spotify	AD	445
No Money	Dance	Spotify	AD	445
La quiero a morir	World Music	Spotify	AD	445
Cloudy Day	Alternative	Spotify	AD	444
Say My Name	Dance	Spotify	AD	444
Alcancía	Latin Pop	Spotify	AD	443
Su cabeza en mi pecho	Pop	Spotify	AD	443
Hung Up	Pop	Spotify	AD	442
Just the Two of Us (feat. Bill Withers)	Jazz	Spotify	AD	441
Wild Ones (feat. Sia)	Rap/Hip Hop	Spotify	AD	441
Mujeres y Petas	Latin	Spotify	AD	441
Right Round	Rap/Hip Hop	Spotify	AD	440
Dime Cuantas Veces	Latin	Spotify	AD	440
De bonesh	Pop	Spotify	AD	440
Glory of Love	Pop	Spotify	AD	439
Pólvora	Pop	Spotify	AD	439
Brindo	Latin Pop	Spotify	AD	438
Ironic	Pop	Spotify	AD	438
Quan tot s'enlaira	World Music	Spotify	AD	438
Nunca volverá (feat. Raquel del Rosario, El sueño de Morfeo)	Pop	Spotify	AD	436
Gitana (feat. Sergio Contreras y Demarco Flamenco)	Dance	Spotify	AD	436
I'll Be There	Pop	Spotify	AD	435
Rapido	Soundtrack	Spotify	AD	435
Dime quién ama de verdad	Pop	Spotify	AD	435
Mundo imperfecto	Pop	Spotify	AD	434
You Say	Contemporary Christian	Spotify	AD	432
Princesa de mi cuento	Pop	Spotify	AD	432
Chacho (feat. fernandocosta)	Latin	Spotify	AD	430
Sweet Disposition	Rock	Spotify	AD	428
La lista de la compra	Pop	Spotify	AD	428
Dark Necessities	Alternative	Spotify	AD	428
Cola	Dance	Spotify	AD	428
Bad Habits (feat. Bring Me The Horizon)	Pop	Spotify	AD	427
A Groovy Kind of Love	Pop	Spotify	AD	427
Alright	Rock	Spotify	AD	426
Skinny Love	Alternative	Spotify	AD	426
I Don't Care	Pop	Spotify	AD	425
Adventure of a Lifetime	Alternative	Spotify	AD	425
Te esperaré toda la vida	Pop	Spotify	AD	424
Snowman	Holiday	Spotify	AD	424
Alors On Danse	Dance	Spotify	AD	423
808	Rap/Hip Hop	Spotify	AD	422
Entre mis recuerdos	Pop	Spotify	AD	421
The Chain	Rock	Spotify	AD	420
NEGRO MATE	Latin	Spotify	AD	420
Désenchantée	Pop	Spotify	AD	420
Disparos	Pop	Spotify	AD	420
Stand By	Rock	Spotify	AD	420
Despedida y cierre (feat. Manuel Carrasco)	Pop	Spotify	AD	419
Moriría por vos	Pop	Spotify	AD	418
Go Your Own Way	Pop	Spotify	AD	417
Captain (whistle)	Rap/Hip Hop	Spotify	AD	417
By the Way	Alternative	Spotify	AD	417
At My Worst	R&B	Spotify	AD	417
Cheque al portamor	Pop	Spotify	AD	417
No puedo vivir sin ti	Rock	Spotify	AD	416
Immigrant Song	Rock	Spotify	AD	416
A quemarropa	Rock	Spotify	AD	415
Boulevard of Broken Dreams	Alternative	Spotify	AD	415
Sabor de amor	Pop	Spotify	AD	414
Ponte Pa' Mi	Latin	Spotify	AD	414
Noches de bohemia	World Music	Spotify	AD	414
One More Night	Pop	Spotify	AD	413
Hallucinate	Pop	Spotify	AD	413
Tubaru	Latin Pop	Spotify	AD	411
I Love It (feat. Charli XCX)	Dance	Spotify	AD	411
Butterflies	Pop	Spotify	AD	410
Serpiente Veneno (feat. Ele A El Dominio)	Latin	Spotify	AD	410
Para no olvidar	Pop	Spotify	AD	410
Drive	Pop	Spotify	AD	409
El roce de tu cuerpo	Pop	Spotify	AD	409
Purple Rain	Pop	Spotify	AD	408
Ahípamí	Pop	Spotify	AD	408
A Little Respect	Pop	Spotify	AD	407
Bukowski	Hip Hop	Spotify	AD	407
UP	Pop	Spotify	AD	407
No Puedo	Latin	Spotify	AD	406
Si hubieras querido	Latin Pop	Spotify	AD	406
No Puedo Responder	Rap/Hip Hop	Spotify	AD	405
Rojitas las orejas	Pop	Spotify	AD	405
Je m'appelle Blessed	Rap/Hip Hop	Spotify	AD	405
Rayando El Sol	Pop	Spotify	AD	405
American Idiot	Alternative	Spotify	AD	405
Como te imaginé	World Music	Spotify	AD	405
Mi Verdad (feat. Shakira)	Latin Pop	Spotify	AD	405
Don't Be so Hard on Yourself	Pop	Spotify	AD	404
I Won't Give Up	Pop	Spotify	AD	403
OK	Dance	Spotify	AD	403
It's My Life	Pop	Spotify	AD	403
Hero	Dance	Spotify	AD	402
Americana (feat. Echosmith)	Pop	Spotify	AD	402
Here I Go Again	Pop	Spotify	AD	402
¡Corre!	Pop	Spotify	AD	401
Dani California	Alternative	Spotify	AD	401
Uprising	Alternative	Spotify	AD	401
Lejos	Latin	Spotify	AD	400
Entre dos tierras	Latin	Spotify	AD	399
Corazon de mimbre	Rock	Spotify	AD	399
No me importa nada	Pop	Spotify	AD	399
Solo Pienso En Ti (feat. De La Ghetto & Justin Quiles)	Latin	Spotify	AD	398
Atracción (feat. Nyno Vargas)	World Music	Spotify	AD	397
XO Tour Llif3	Rap/Hip Hop	Spotify	AD	394
This Is Me	Soundtrack	Spotify	AD	394
Nunca volverá	Pop	Spotify	AD	394
Big Poppa	Rap/Hip Hop	Spotify	AD	394
Demasiado Loco	Latin	Spotify	AD	393
Galaxia	Pop	Spotify	AD	393
Home	Pop	Spotify	AD	392
El cielo no entiende	Pop	Spotify	AD	392
Without You (feat. Usher)	Dance	Spotify	AD	392
Aunque tú no lo sepas	Pop	Spotify	AD	392
TBT (Remix) [feat. Micro TDH, Feid]	Latin	Spotify	AD	391
Break on Through (To the Other Side)	Rock	Spotify	AD	391
Miedito o Qué? (feat. KAROL G)	Latin Pop	Spotify	AD	391
SLOW DANCING IN THE DARK	R&B	Spotify	AD	391
Alitas de mar (feat. Juanito Makandé)	Alternative	Spotify	AD	391
Bongo Cha Cha Cha	Dance	Spotify	AD	390
Nada que perder	Rock	Spotify	AD	389
Te Acuerdas Que	Rap/Hip Hop	Spotify	AD	389
Perfect (feat. Haris)	Dance	Spotify	AD	389
Just the Two of Us	Jazz	Spotify	AD	389
Like I Do	Dance	Spotify	AD	388
La Bamba	Rock	Spotify	AD	388
Is This Love	Pop	Spotify	AD	387
Your Song	Pop	Spotify	AD	386
Swing	Latin Pop	Spotify	AD	386
Baby, I Love Your Way	Pop	Spotify	AD	385
Tuesday (feat. Danelle Sandoval)	Dance	Spotify	AD	385
The Blower's Daughter	Singer/Songwriter	Spotify	AD	384
Day in the Life	Rap/Hip Hop	Spotify	AD	384
Cold Shoulder	Rap/Hip Hop	Spotify	AD	380
Numb / Encore	Rock	Spotify	AD	380
Headlights (feat. KIDDO)	Dance	Spotify	AD	379
Self Control	Pop	Spotify	AD	378
Día De Pago	Latin	Spotify	AD	376
Bando Boyz Free 2	Latin	Spotify	AD	376
Not Available		Spotify	AD	376
París	Pop	Spotify	AD	376
Sad Boy (feat. Ava Max & Kylie Cantrall)	Pop	Spotify	AD	375
Khabib	Rap/Hip Hop	Spotify	AD	374
Malos Hábitos	Pop	Spotify	AD	374
Sun Goes Down (feat. Jasmine Thompson)	Dance	Spotify	AD	373
Bella	Reggaeton	Spotify	AD	372
Green Onions	Rock	Spotify	AD	372
Haz de luz	Alternative	Spotify	AD	370
Clint Eastwood	Pop	Spotify	AD	370
human	Pop	Spotify	AD	369
Pero a tu lado 2020	Pop	Spotify	AD	369
Ride With Me (feat. Kid Ink)	Dance	Spotify	AD	368
Want to Want Me	Pop	Spotify	AD	368
Buscando en la basura	Rock	Spotify	AD	367
Ronaldinho	Rap/Hip Hop	Spotify	AD	366
Esta soy yo	Pop	Spotify	AD	366
Cambios	Reggaeton	Spotify	AD	366
24K Magic	Pop	Spotify	AD	365
Imperio	Latin	Spotify	AD	365
Perfect Duet (Ed Sheeran & Beyoncé)	Pop	Spotify	AD	365
First Times	Pop	Spotify	AD	365
La Cartita Remix (feat. Mala Rodríguez)	Latin	Spotify	AD	364
Gloria	Pop	Spotify	AD	364
Wings	Alternative	Spotify	AD	364
I Miss You (feat. Julia Michaels)	Dance	Spotify	AD	364
Gaviota	Soundtrack	Spotify	AD	363
Low (feat. T-Pain)	Rap/Hip Hop	Spotify	AD	363
Wake Me up When September Ends	Pop	Spotify	AD	362
Cóseme	Pop	Spotify	AD	362
Rewrite The Stars	Soundtrack	Spotify	AD	362
Hypnotize	Rap/Hip Hop	Spotify	AD	362
Años 80	Pop	Spotify	AD	361
Da Ya Think I'm Sexy?	Pop	Spotify	AD	361
40 NOCHES	Hip Hop	Spotify	AD	360
Rock You Like a Hurricane	Rock	Spotify	AD	360
Imperfectos	Pop	Spotify	AD	359
Coronamos	Reggaeton	Spotify	AD	359
Sparks	Rock	Spotify	AD	359
Flames	Dance	Spotify	AD	358
Me vas a ver	Pop	Spotify	AD	358
Si jamais j'oublie	French Pop	Spotify	AD	358
Arthur's Theme (Best That You Can Do)	Pop	Spotify	AD	357
Hare Krishna	Rap/Hip Hop	Spotify	AD	357
Speechless (feat. Erika Sirola)	Dance	Spotify	AD	356
Hola Bebé	Latin	Spotify	AD	356
Tan vacío	Pop	Spotify	AD	356
Me Colé en una Fiesta	Pop	Spotify	AD	356
Copines	R&B	Spotify	AD	354
Plan fatal	Pop	Spotify	AD	353
1+1	Pop	Spotify	AD	353
Bando Boyz Free	Latin	Spotify	AD	353
Love Changes (Everything)	Pop	Spotify	AD	352
One Call Away	Pop	Spotify	AD	350
Numb	Electronic	Spotify	AD	350
Right Down the Line	Rock	Spotify	AD	350
A la deriva	World Music	Spotify	AD	350
Let's Dance	Pop	Spotify	AD	349
Subsidio	Rap/Hip Hop	Spotify	AD	349
Rebel Rebel	Pop	Spotify	AD	349
Where Them Girls At (feat. Nicki Minaj & Flo Rida)	Electronica	Spotify	AD	348
Días de verano	Pop	Spotify	AD	348
Feeling Good	Pop	Spotify	AD	348
Mi rumbita pa tus pies	Pop	Spotify	AD	347
Proud Mary	Pop	Spotify	AD	346
Hey Mama (feat. Nicki Minaj, Bebe Rexha & Afrojack)	Dance	Spotify	AD	346
Habibi	Hip Hop	Spotify	AD	346
Temperature	Pop	Spotify	AD	346
Stand by Me	R&B	Spotify	AD	346
Me llama	Pop	Spotify	AD	346
Golden Brown	Pop	Spotify	AD	346
Ve y dile (feat. Antonio José)	Latin Pop	Spotify	AD	345
Y, ¿Si fuera ella?	Pop	Spotify	AD	344
Treasure	Pop	Spotify	AD	343
1+1 (feat. Amir)	Pop	Spotify	AD	343
Am I Wrong	Pop	Spotify	AD	342
Owner of a Lonely Heart	Rock	Spotify	AD	341
Cicatrices (feat. Indara)	Pop	Spotify	AD	341
Me llamas (feat. Maluma)	Latin Pop	Spotify	AD	341
Esquina	Hip Hop	Spotify	AD	340
VVS	Rap/Hip Hop	Spotify	AD	340
LOYAL (feat. Drake and Bad Bunny)	R&B	Spotify	AD	340
La Última Vez	Hip Hop	Spotify	AD	340
Everglow	Alternative	Spotify	AD	340
Baby Jane	Rock	Spotify	AD	340
Cada dos minutos (con Rulo y la Contrabanda y Kutxi Romero)	Pop	Spotify	AD	339
Magic	Pop	Spotify	AD	339
Envolver	Latin Pop	Spotify	AD	338
On The Road (feat. Elpatron970, Felp 22)	Latin	Spotify	AD	338
Maldito duende	Pop	Spotify	AD	338
DANÇARINA	Brazilian	Spotify	AD	338
La dansa del vestit	World Music	Spotify	AD	337
You Sexy Thing	Pop	Spotify	AD	337
Long Train Runnin'	Rock	Spotify	AD	337
Airplanes (feat. Hayley Williams of Paramore)	Rap/Hip Hop	Spotify	AD	336
Pasos de cero	Latin Pop	Spotify	AD	336
Torno a ser jo	Pop	Spotify	AD	335
Miedo	Rock	Spotify	AD	335
Envolver Remix	Latin Pop	Spotify	AD	335
Cuéntame un cuento	Pop	Spotify	AD	334
Billionaire (feat. Bruno Mars)	Pop	Spotify	AD	334
Momentismo absoluto	Electronica	Spotify	AD	333
Blitzkrieg Bop	Rock	Spotify	AD	333
Amor Qué Me Hiciste	Soundtrack	Spotify	AD	333
Nail Tech	Rap/Hip Hop	Spotify	AD	333
Intoxicated	Pop	Spotify	AD	332
Soul Man	R&B	Spotify	AD	332
Mónaco	Latin Pop	Spotify	AD	332
Give Me the Night	Pop	Spotify	AD	331
Water Fountain	Pop	Spotify	AD	331
Esta Noche	Latin Pop	Spotify	AD	331
Hola, Nena (feat. Omar Montes)	Latin Pop	Spotify	AD	331
Com una bala	Alternative Rock	Spotify	AD	330
6 AM	Rap/Hip Hop	Spotify	AD	330
Girls & Boys	Rock	Spotify	AD	330
Dímelo	Latin	Spotify	AD	330
La conocí bailando (feat. K-Narias)	Dance	Spotify	AD	329
Don Patricio: Bzrp Music Sessions, Vol. 25	Latin	Spotify	AD	328
Siempre me quedará	Pop	Spotify	AD	328
Cuando zarpa el amor (feat. Juan Magán)	Pop	Spotify	AD	328
Around the World	Dance	Spotify	AD	328
Tot és més fàcil (feat. Miki Núñez)	Pop	Spotify	AD	327
Everybody Needs Somebody to Love	R&B	Spotify	AD	327
Canción de amor caducada	Pop	Spotify	AD	327
Black Dog	Rock	Spotify	AD	327
Superman	Pop	Spotify	AD	326
Uno más uno son 7	Pop	Spotify	AD	326
Más De La Una	Latin Pop	Spotify	AD	326
I'm a Mess	Pop	Spotify	AD	326
Soy Así (Summer Mix)	Dance	Spotify	AD	325
We Don't Need Another Hero (Thunderdome)	Pop	Spotify	AD	324
Lo echamos a suertes	Miscellaneous	Spotify	AD	324
Como Si Nada	Reggaeton	Spotify	AD	323
WAP (feat. Megan Thee Stallion)	Rap/Hip Hop	Spotify	AD	323
Give It Away	Alternative	Spotify	AD	322
No me crees (feat. Javier Ojeda)	Pop	Spotify	AD	322
Somebody To Love	Dance	Spotify	AD	322
Respirar	Pop	Spotify	AD	322
Hold My Hand	Pop	Spotify	AD	321
On Melancholy Hill	Pop	Spotify	AD	321
Ahora Te Puedes Marchar	Latin	Spotify	AD	320
La senda del tiempo	Pop	Spotify	AD	319
Lo siento (feat. Sofía Reyes)	Pop	Spotify	AD	319
A veces se me pasa, a veces paso (feat. Blasfem)	Hip Hop	Spotify	AD	319
A gritos de esperanza (feat. Jesús Navarro)	Pop	Spotify	AD	319
Como un lobo (Dueto 2007)	Pop	Spotify	AD	318
Riders on the Storm	Rock	Spotify	AD	318
Animals	Dance	Spotify	AD	318
Magic	Alternative	Spotify	AD	317
La Incondicional	Pop	Spotify	AD	317
No Promises (feat. Demi Lovato)	Dance	Spotify	AD	316
Like a Virgin	Pop	Spotify	AD	316
Spending My Time	Pop	Spotify	AD	316
horror story	Alternative	Spotify	AD	316
Our House	Pop	Spotify	AD	316
Tu Nombre (feat. JC Reyes, El Daddy)	Hip Hop	Spotify	AD	315
If You Love Her	Pop	Spotify	AD	315
Side Effect (feat. Au/Ra)	Dance	Spotify	AD	314
Similares (feat. Sinsinati)	Pop	Spotify	AD	314
Comfortably Numb	Pop	Spotify	AD	314
Pa´ mi guerrera	Pop	Spotify	AD	313
Or Nah (feat. The Weeknd, Wiz Khalifa & DJ Mustard)	Hip Hop	Spotify	AD	312
Cornfield Chase	Soundtrack	Spotify	AD	312
Never Ending Story	Pop	Spotify	AD	312
Rise Up	R&B	Spotify	AD	311
Corazón descalzo	Latin Pop	Spotify	AD	311
Entre la espada y la pared	Pop	Spotify	AD	310
Porcelain	Pop	Spotify	AD	310
Felicidad	Pop	Spotify	AD	310
1, 2, 3 (feat. Jason Derulo & De La Ghetto)	Latin Pop	Spotify	AD	310
3 A.M.	Latin Pop	Spotify	AD	310
Cazame	Latin	Spotify	AD	310
Voy a pasármelo bien	Pop	Spotify	AD	309
Light My Fire	Rock	Spotify	AD	309
Starlight	Alternative	Spotify	AD	309
Flexin'	Latin Pop	Spotify	AD	309
Felices x Siempre	Latin Pop	Spotify	AD	308
Sacrifice	Pop	Spotify	AD	308
It Will Rain	Soundtrack	Spotify	AD	308
What I've Done	Alternative	Spotify	AD	308
All for Love	Pop	Spotify	AD	308
Dime Cuantas Veces (Remix) [feat. Justin Quiles]	Latin	Spotify	AD	307
Scare Me (feat. Karra)	Dance	Spotify	AD	307
En algún lugar (feat. Santi Balmes & Víctor Cabezuelo)	Pop	Spotify	AD	307
Money	Pop	Spotify	AD	307
We Built This City	Adult Contemporary	Spotify	AD	306
Mi primer millon	Pop	Spotify	AD	306
Impossible (feat. John Martin)	Dance	Spotify	AD	305
So Am I	Pop	Spotify	AD	305
Mirando al cielo (feat. Rozalén)	Pop	Spotify	AD	305
I'll Never Not Love You	Pop	Spotify	AD	304
Space Oddity	Pop	Spotify	AD	304
Una Vida Para Recordar	Latin Pop	Spotify	AD	304
It's a Sin	Pop	Spotify	AD	304
love nwantiti (feat. ElGrande Toto)	World Music	Spotify	AD	304
Hooked On A Feeling	Pop	Spotify	AD	304
Déjame vivir (feat. Lamari)	Pop	Spotify	AD	303
The Boy Is Mine	Pop	Spotify	AD	303
Ojos de gata	Pop	Spotify	AD	302
Meant to Be (feat. Florida Georgia Line)	Pop	Spotify	AD	302
Desde cuando	Pop	Spotify	AD	301
Le Freak	Dance	Spotify	AD	301
Robarle tiempo al tiempo	Pop	Spotify	AD	301
Salgo pa la calle	Hip Hop	Spotify	AD	301
Recuérdame	Latin Pop	Spotify	AD	301
Aventador	Rap/Hip Hop	Spotify	AD	301
El ataque de las chicas cocodrilo	Pop	Spotify	AD	301
Love's Train	R&B	Spotify	AD	301
P' aquí, p' allá	Rock	Spotify	AD	300
Dumb	Pop	Spotify	AD	300
La Pared 720 (feat. Justin Quiles, Brray)	Latin	Spotify	AD	300
2U (feat. Justin Bieber)	Dance	Spotify	AD	299
Jardín de rosas	Pop	Spotify	AD	299
Nos perderemos en Marte	Pop	Spotify	AD	299
Loco	Pop	Spotify	AD	299
Llego Tarde	Pop	Spotify	AD	299
Bonfire Heart	Pop	Spotify	AD	299
Goodbye My Lover	Pop	Spotify	AD	298
Espectacular	Electronica	Spotify	AD	298
Condenado Para El Millón	Latin	Spotify	AD	298
All Right	Pop	Spotify	AD	298
Mucho mejor (feat. Coque Malla)	Pop	Spotify	AD	298
The Living Years	Pop	Spotify	AD	298
La mujer cactus y el hombre globo	Alternative	Spotify	AD	298
Nightjar (feat. SHELLS)	Dance	Spotify	AD	297
Praise You	Dance	Spotify	AD	297
Esencial	Pop	Spotify	AD	297
Cry to Me	R&B	Spotify	AD	297
This One's for You (feat. Zara Larsson) (Official Song UEFA EURO 2016)	Dance	Spotify	AD	297
Perdonarme (feat. Taburete)	Pop	Spotify	AD	297
Bubblegum Bitch	Alternative	Spotify	AD	296
Venus	Pop	Spotify	AD	296
Moving	World Music	Spotify	AD	296
pessoa certa hora errada	Brazilian	Spotify	AD	296
Inventas	Pop	Spotify	AD	296
Downtown	Brazilian	Spotify	AD	296
Glorious (feat. Skylar Grey)	Rap/Hip Hop	Spotify	AD	295
Good Ones	Pop	Spotify	AD	295
99 Luftballons	Pop	Spotify	AD	293
Skate	R&B	Spotify	AD	293
Tanto	Latin Pop	Spotify	AD	293
Titanium (feat. Sia)	Electronic	Spotify	AD	293
Blow Your Mind (Mwah)	Pop	Spotify	AD	293
Me acordé de ti	Pop	Spotify	AD	292
Noche de Travesura	Latin	Spotify	AD	292
Jenny (I Wanna Ruin Our Friendship)	Pop	Spotify	AD	292
Trouble	Alternative	Spotify	AD	291
A la luz del Lorenzo	Pop	Spotify	AD	291
One More Time (feat. Alida)	Dance	Spotify	AD	291
PIN PIN	Latin	Spotify	AD	291
Orphans	Alternative	Spotify	AD	290
Club de fans de John Boy	Pop	Spotify	AD	290
Tears in Heaven	Rock	Spotify	AD	290
Share That Love (feat. G-Eazy)	Pop	Spotify	AD	290
Let You Love Me	Pop	Spotify	AD	289
¿Y cómo es él?	Pop	Spotify	AD	289
La vie en rose	Pop	Spotify	AD	289
Kiss	Pop	Spotify	AD	289
Princesa de Oro	Rap/Hip Hop	Spotify	AD	289
Ella vive en mí (feat. Antonio Orozco)	Latin	Spotify	AD	289
Que se joda el viento	Rock	Spotify	AD	289
Together	Pop	Spotify	AD	289
Commitment Issues	Rap/Hip Hop	Spotify	AD	289
Seguro Te Pierdo	Latin	Spotify	AD	288
Boss Bitch	Soundtrack	Spotify	AD	288
La Bestia	Pop	Spotify	AD	288
Break from Toronto	R&B	Spotify	AD	287
Laura no està	Pop	Spotify	AD	287
As de Corazones	Soundtrack	Spotify	AD	287
Aunque no te pueda ver	Pop	Spotify	AD	287
20 Min	Rap/Hip Hop	Spotify	AD	287
Wicked Games (feat. Anna Naklab)	Pop	Spotify	AD	286
Friends	Pop	Spotify	AD	286
Hora Loca	Latin	Spotify	AD	286
Some Nights	Alternative	Spotify	AD	286
La fuerza del corazón	Pop	Spotify	AD	286
Anywhere	Pop	Spotify	AD	285
Sarandonga	Pop	Spotify	AD	285
Todo Bien Remix (feat. Nickzzy)	Rap/Hip Hop	Spotify	AD	284
Amigas	Pop	Spotify	AD	284
Wicked Game	Pop	Spotify	AD	284
abcdefu (angrier)	Pop	Spotify	AD	283
Black Velvet	Rock	Spotify	AD	283
The Trooper	Rock	Spotify	AD	283
Who's That Chick? (feat. Rihanna)	Dance	Spotify	AD	282
El ritmo del garaje	Pop	Spotify	AD	282
Oohla Oohla	Dance	Spotify	AD	282
You To Me Are Everything	R&B	Spotify	AD	281
Build Me Up Buttercup	Rock	Spotify	AD	281
Te necesito	Pop	Spotify	AD	281
Mira cómo vuelo	Pop	Spotify	AD	281
Bendita Tu Luz	Pop	Spotify	AD	280
Complicidad (feat. Manuel Medrano)	Pop	Spotify	AD	280
Good as Hell	Rap/Hip Hop	Spotify	AD	280
Pa ti pa mí na má	World Music	Spotify	AD	279
(You Make Me Feel Like) A Natural Woman	R&B	Spotify	AD	278
Human (feat. Echoes)	Dance	Spotify	AD	278
Cruz de navajas	Pop	Spotify	AD	278
Mama Said	Pop	Spotify	AD	278
Me Quedé Contigo (feat. Álvaro De Luna)	Singer/Songwriter	Spotify	AD	277
Hablemos de amor	Latin Pop	Spotify	AD	276
El Nano	Pop	Spotify	AD	276
Everywhere (BBC Children In Need)	Pop	Spotify	AD	276
Edge of Seventeen	Rock	Spotify	AD	276
Don’t Forget My Love	Dance	Spotify	AD	276
Ya no siento nada	Latin Pop	Spotify	AD	276
Teenagers	Alternative	Spotify	AD	276
Rise Up	Dance	Spotify	AD	276
Sleeping Satellite	Pop	Spotify	AD	276
Be Mine	Pop	Spotify	AD	276
Natural Blues	Electronica	Spotify	AD	275
Somebody's Watching Me	Dance	Spotify	AD	275
Rampampam	Dance	Spotify	AD	274
Non, je ne regrette rien	Pop	Spotify	AD	274
Play with Fire (feat. Yacht Money)	Alternative	Spotify	AD	274
Love Is In The Air	Dance	Spotify	AD	274
Risk It All	Pop	Spotify	AD	273
Te amo	Pop	Spotify	AD	273
Allí donde solíamos gritar	Pop	Spotify	AD	273
Whisky barato	Pop	Spotify	AD	273